flightId,hotelId,discountPercentage,startDate,endDate
268,111,23,2025-06-11 07:27:29,2025-06-24 07:27:29
225,60,14,2025-05-26 10:14:17,2025-06-09 10:14:17
84,56,13,2025-06-07 02:12:25,2025-06-12 02:12:25
130,41,32,2025-06-03 23:23:13,2025-06-09 23:23:13
232,143,18,2025-05-24 10:34:12,2025-06-02 10:34:12
263,192,10,2025-05-28 13:24:49,2025-06-02 13:24:49
175,65,11,2025-05-25 06:01:12,2025-06-01 06:01:12
176,35,38,2025-05-26 11:48:29,2025-06-05 11:48:29
278,72,35,2025-06-19 11:20:50,2025-06-27 11:20:50
4,72,21,2025-05-22 02:35:40,2025-06-01 02:35:40
145,179,10,2025-05-27 02:23:16,2025-06-06 02:23:16
218,80,18,2025-06-14 01:38:30,2025-06-21 01:38:30
138,20,5,2025-05-23 23:28:06,2025-05-31 23:28:06
235,151,24,2025-06-13 16:36:28,2025-06-26 16:36:28
18,99,25,2025-06-08 10:40:05,2025-06-13 10:40:05
180,56,16,2025-06-10 14:56:03,2025-06-22 14:56:03
127,162,13,2025-06-17 05:21:27,2025-06-24 05:21:27
154,69,39,2025-05-27 02:27:37,2025-06-02 02:27:37
143,187,28,2025-06-03 17:50:04,2025-06-07 17:50:04
296,151,28,2025-05-29 14:56:48,2025-06-06 14:56:48
3,193,40,2025-06-19 14:19:04,2025-07-02 14:19:04
231,124,25,2025-06-18 03:45:27,2025-06-25 03:45:27
253,35,39,2025-06-02 22:22:12,2025-06-06 22:22:12
165,172,33,2025-05-25 21:28:14,2025-05-28 21:28:14
220,109,16,2025-06-07 03:08:05,2025-06-15 03:08:05
1,27,32,2025-05-30 02:06:00,2025-06-04 02:06:00
96,7,24,2025-05-30 21:36:52,2025-06-05 21:36:52
230,114,12,2025-06-18 12:52:26,2025-06-25 12:52:26
147,141,35,2025-05-26 22:56:42,2025-05-31 22:56:42
145,133,21,2025-05-22 17:32:59,2025-06-03 17:32:59
67,110,12,2025-06-13 17:52:50,2025-06-21 17:52:50
89,133,20,2025-06-01 12:23:54,2025-06-04 12:23:54
166,193,32,2025-05-28 01:29:40,2025-06-08 01:29:40
69,187,8,2025-05-30 03:15:11,2025-06-10 03:15:11
25,131,16,2025-06-15 15:44:55,2025-06-18 15:44:55
243,165,37,2025-06-02 11:53:48,2025-06-05 11:53:48
257,132,16,2025-06-10 17:10:24,2025-06-15 17:10:24
19,149,13,2025-05-22 04:04:57,2025-05-30 04:04:57
91,161,12,2025-06-16 07:14:00,2025-06-19 07:14:00
141,197,14,2025-06-04 04:21:27,2025-06-10 04:21:27
177,174,21,2025-06-18 21:49:00,2025-06-28 21:49:00
290,21,18,2025-05-31 00:26:05,2025-06-03 00:26:05
81,126,13,2025-06-14 19:54:19,2025-06-26 19:54:19
298,3,15,2025-06-17 11:52:52,2025-06-25 11:52:52
45,6,5,2025-06-02 11:06:38,2025-06-15 11:06:38
86,44,35,2025-05-24 19:05:46,2025-06-05 19:05:46
288,35,28,2025-06-11 18:35:13,2025-06-21 18:35:13
293,147,37,2025-06-01 03:45:53,2025-06-12 03:45:53
127,86,21,2025-06-20 16:25:14,2025-06-26 16:25:14
87,111,7,2025-06-09 18:29:24,2025-06-15 18:29:24
92,44,24,2025-05-31 06:10:09,2025-06-03 06:10:09
283,2,34,2025-06-16 12:49:58,2025-06-26 12:49:58
17,4,19,2025-06-05 02:57:03,2025-06-15 02:57:03
274,27,36,2025-06-07 15:01:28,2025-06-11 15:01:28
178,13,29,2025-05-28 12:37:12,2025-06-08 12:37:12
168,38,23,2025-06-10 13:13:26,2025-06-19 13:13:26
7,130,37,2025-06-19 14:13:13,2025-06-30 14:13:13
300,95,15,2025-06-10 21:24:20,2025-06-23 21:24:20
26,139,25,2025-06-18 23:43:42,2025-06-22 23:43:42
184,22,16,2025-06-04 21:04:29,2025-06-09 21:04:29
262,107,29,2025-06-03 23:45:02,2025-06-06 23:45:02
12,147,34,2025-06-03 00:03:54,2025-06-17 00:03:54
149,148,22,2025-06-20 20:03:49,2025-06-24 20:03:49
53,200,33,2025-05-27 23:08:58,2025-05-31 23:08:58
192,150,8,2025-06-11 07:31:11,2025-06-17 07:31:11
208,76,37,2025-06-03 07:01:08,2025-06-17 07:01:08
251,64,35,2025-06-20 07:05:51,2025-06-25 07:05:51
177,158,6,2025-06-15 01:45:33,2025-06-19 01:45:33
75,81,32,2025-05-21 23:36:56,2025-06-01 23:36:56
143,134,18,2025-05-27 11:27:16,2025-06-03 11:27:16
118,179,13,2025-06-10 14:25:02,2025-06-22 14:25:02
227,139,32,2025-06-19 14:10:56,2025-07-02 14:10:56
252,20,26,2025-05-31 04:38:47,2025-06-07 04:38:47
95,188,26,2025-06-03 04:36:55,2025-06-16 04:36:55
166,125,10,2025-05-28 03:16:36,2025-06-09 03:16:36
155,113,36,2025-06-18 21:43:46,2025-06-21 21:43:46
23,120,10,2025-05-30 20:42:57,2025-06-11 20:42:57
43,190,8,2025-06-19 01:54:36,2025-06-25 01:54:36
188,49,19,2025-05-27 17:42:24,2025-06-05 17:42:24
115,90,14,2025-06-02 23:46:23,2025-06-06 23:46:23
241,46,17,2025-05-28 08:14:13,2025-06-04 08:14:13
6,87,10,2025-05-23 20:46:01,2025-05-31 20:46:01
165,137,39,2025-06-02 02:53:22,2025-06-15 02:53:22
223,108,20,2025-06-03 01:11:23,2025-06-07 01:11:23
140,171,19,2025-05-24 04:10:28,2025-06-04 04:10:28
239,15,29,2025-05-25 10:02:29,2025-05-29 10:02:29
33,88,24,2025-06-10 01:48:14,2025-06-15 01:48:14
60,29,38,2025-05-28 08:50:07,2025-06-08 08:50:07
174,157,21,2025-06-01 12:04:11,2025-06-13 12:04:11
59,160,14,2025-06-04 08:07:34,2025-06-18 08:07:34
198,84,26,2025-05-27 09:07:39,2025-05-31 09:07:39
244,53,19,2025-06-18 19:21:05,2025-06-27 19:21:05
200,109,24,2025-05-22 01:12:22,2025-06-02 01:12:22
62,72,19,2025-06-01 02:49:47,2025-06-05 02:49:47
112,116,21,2025-05-27 06:59:05,2025-05-30 06:59:05
1,180,10,2025-05-22 13:57:17,2025-06-03 13:57:17
280,15,12,2025-06-10 23:31:04,2025-06-14 23:31:04
3,105,20,2025-05-27 02:32:00,2025-06-07 02:32:00
85,47,22,2025-06-07 11:37:58,2025-06-14 11:37:58
121,41,29,2025-05-31 22:19:09,2025-06-08 22:19:09
136,146,25,2025-06-12 14:48:10,2025-06-16 14:48:10
264,156,37,2025-05-28 22:08:33,2025-06-01 22:08:33
297,125,37,2025-05-29 01:10:34,2025-06-11 01:10:34
170,84,9,2025-05-27 21:30:47,2025-06-06 21:30:47
58,89,23,2025-06-08 19:33:22,2025-06-14 19:33:22
206,149,40,2025-06-06 16:42:20,2025-06-09 16:42:20
110,70,28,2025-06-10 20:55:14,2025-06-22 20:55:14
132,137,18,2025-06-09 07:10:10,2025-06-12 07:10:10
146,158,22,2025-06-16 02:26:45,2025-06-19 02:26:45
269,12,9,2025-06-04 06:23:48,2025-06-07 06:23:48
3,107,25,2025-06-12 10:32:07,2025-06-21 10:32:07
277,24,39,2025-05-31 16:44:41,2025-06-14 16:44:41
111,49,17,2025-05-28 23:55:37,2025-06-01 23:55:37
204,121,15,2025-05-31 22:50:28,2025-06-09 22:50:28
198,74,6,2025-06-09 19:23:13,2025-06-23 19:23:13
122,182,8,2025-06-08 01:24:20,2025-06-18 01:24:20
178,1,26,2025-05-31 00:57:36,2025-06-12 00:57:36
295,146,6,2025-06-02 16:46:08,2025-06-15 16:46:08
221,72,6,2025-06-14 16:42:49,2025-06-25 16:42:49
60,16,29,2025-06-14 15:32:55,2025-06-24 15:32:55
57,15,11,2025-06-04 05:02:13,2025-06-14 05:02:13
193,95,11,2025-06-12 03:35:25,2025-06-15 03:35:25
167,155,15,2025-05-24 06:56:05,2025-05-27 06:56:05
277,98,26,2025-06-03 03:39:15,2025-06-09 03:39:15
256,75,22,2025-05-22 01:29:07,2025-05-30 01:29:07
183,183,39,2025-06-11 22:44:48,2025-06-17 22:44:48
97,22,38,2025-06-13 10:02:09,2025-06-21 10:02:09
223,99,26,2025-05-29 14:42:42,2025-06-05 14:42:42
290,63,21,2025-05-24 21:27:53,2025-06-03 21:27:53
262,28,14,2025-05-24 19:21:12,2025-06-02 19:21:12
265,141,37,2025-06-13 04:24:10,2025-06-27 04:24:10
64,2,35,2025-06-16 08:45:22,2025-06-29 08:45:22
286,97,20,2025-06-04 22:43:03,2025-06-09 22:43:03
31,21,34,2025-05-31 19:24:50,2025-06-03 19:24:50
112,6,36,2025-06-10 23:34:27,2025-06-23 23:34:27
269,31,34,2025-05-27 06:34:04,2025-06-10 06:34:04
217,33,20,2025-06-04 20:32:49,2025-06-18 20:32:49
89,84,26,2025-05-28 17:50:53,2025-06-08 17:50:53
279,30,10,2025-06-04 16:09:43,2025-06-17 16:09:43
60,43,33,2025-06-04 11:21:50,2025-06-14 11:21:50
215,26,28,2025-05-30 12:12:47,2025-06-03 12:12:47
280,8,33,2025-06-11 14:25:36,2025-06-22 14:25:36
137,80,13,2025-05-22 13:57:49,2025-05-29 13:57:49
200,120,32,2025-06-13 21:16:51,2025-06-27 21:16:51
10,16,21,2025-06-16 14:56:35,2025-06-29 14:56:35
72,89,33,2025-05-25 01:59:51,2025-06-03 01:59:51
162,128,10,2025-06-19 09:13:38,2025-06-24 09:13:38
174,66,24,2025-06-12 23:22:17,2025-06-20 23:22:17
280,78,33,2025-06-07 19:11:23,2025-06-19 19:11:23
181,23,30,2025-06-05 15:10:18,2025-06-09 15:10:18
131,147,6,2025-06-01 19:16:12,2025-06-05 19:16:12
136,8,6,2025-06-12 17:26:45,2025-06-20 17:26:45
156,166,24,2025-05-31 16:01:00,2025-06-07 16:01:00
293,109,15,2025-06-04 07:02:19,2025-06-17 07:02:19
192,38,12,2025-06-14 01:28:35,2025-06-23 01:28:35
179,64,40,2025-06-09 20:59:57,2025-06-21 20:59:57
234,199,18,2025-06-04 00:04:34,2025-06-16 00:04:34
25,118,30,2025-05-29 16:52:14,2025-06-07 16:52:14
206,125,27,2025-06-14 05:34:19,2025-06-28 05:34:19
78,66,24,2025-06-01 14:54:03,2025-06-06 14:54:03
8,62,11,2025-06-12 04:22:51,2025-06-20 04:22:51
247,151,36,2025-05-28 09:26:47,2025-05-31 09:26:47
208,89,40,2025-05-22 17:53:58,2025-05-26 17:53:58
53,34,22,2025-06-02 07:02:36,2025-06-10 07:02:36
30,122,33,2025-06-14 12:02:27,2025-06-25 12:02:27
120,112,19,2025-06-09 13:59:36,2025-06-17 13:59:36
22,173,31,2025-06-01 12:55:43,2025-06-15 12:55:43
262,13,11,2025-06-17 16:45:16,2025-06-29 16:45:16
72,38,34,2025-06-15 15:45:51,2025-06-19 15:45:51
215,107,15,2025-05-28 22:30:06,2025-06-03 22:30:06
118,92,16,2025-05-27 05:52:40,2025-06-05 05:52:40
1,22,34,2025-06-03 21:47:17,2025-06-16 21:47:17
230,45,31,2025-06-08 21:58:34,2025-06-16 21:58:34
172,130,9,2025-06-16 06:07:49,2025-06-22 06:07:49
66,112,11,2025-06-03 06:47:59,2025-06-09 06:47:59
172,168,21,2025-05-26 17:04:26,2025-05-31 17:04:26
232,2,10,2025-06-04 02:36:26,2025-06-17 02:36:26
283,33,18,2025-06-15 23:40:00,2025-06-21 23:40:00
68,165,8,2025-06-05 23:21:09,2025-06-08 23:21:09
86,84,19,2025-06-10 12:17:06,2025-06-13 12:17:06
142,186,30,2025-05-22 21:34:26,2025-06-01 21:34:26
159,5,34,2025-05-24 23:17:09,2025-05-28 23:17:09
279,198,28,2025-06-18 10:42:28,2025-06-24 10:42:28
120,29,9,2025-05-27 02:43:34,2025-06-04 02:43:34
207,76,37,2025-06-02 14:58:18,2025-06-08 14:58:18
166,107,16,2025-06-04 15:25:29,2025-06-18 15:25:29
285,118,26,2025-06-03 03:38:22,2025-06-09 03:38:22
55,199,37,2025-06-02 18:32:48,2025-06-09 18:32:48
278,61,20,2025-06-17 21:39:41,2025-06-26 21:39:41
148,145,14,2025-06-20 16:48:44,2025-06-24 16:48:44
177,39,31,2025-06-18 19:09:49,2025-06-25 19:09:49
187,134,34,2025-06-16 15:19:26,2025-06-20 15:19:26
194,99,17,2025-05-30 19:04:20,2025-06-12 19:04:20
108,184,8,2025-06-15 01:00:46,2025-06-21 01:00:46
68,42,11,2025-06-16 13:28:11,2025-06-25 13:28:11
283,183,37,2025-05-22 01:51:02,2025-05-25 01:51:02
239,1,11,2025-05-29 03:37:59,2025-06-09 03:37:59
80,22,26,2025-05-22 20:43:26,2025-05-30 20:43:26
251,68,10,2025-06-06 19:20:41,2025-06-11 19:20:41
189,26,16,2025-06-17 19:13:53,2025-06-21 19:13:53
279,140,17,2025-06-11 06:56:23,2025-06-25 06:56:23
100,75,5,2025-06-18 11:38:03,2025-07-01 11:38:03
40,121,9,2025-06-07 11:33:44,2025-06-19 11:33:44
156,69,26,2025-05-21 23:37:29,2025-06-03 23:37:29
188,122,32,2025-06-14 06:21:04,2025-06-28 06:21:04
199,149,29,2025-05-31 07:16:22,2025-06-05 07:16:22
177,52,31,2025-05-31 00:13:38,2025-06-10 00:13:38
53,27,36,2025-05-27 04:17:44,2025-05-31 04:17:44
70,12,19,2025-06-05 18:49:58,2025-06-12 18:49:58
188,177,35,2025-06-11 12:54:28,2025-06-25 12:54:28
138,32,33,2025-06-03 02:33:17,2025-06-11 02:33:17
195,89,16,2025-06-04 02:45:29,2025-06-10 02:45:29
3,13,13,2025-06-19 08:53:12,2025-06-24 08:53:12
150,46,13,2025-05-31 14:19:08,2025-06-06 14:19:08
231,24,30,2025-06-10 10:13:59,2025-06-19 10:13:59
160,59,18,2025-06-20 02:48:21,2025-07-03 02:48:21
99,189,27,2025-06-18 08:26:50,2025-06-22 08:26:50
232,161,15,2025-06-18 07:03:23,2025-06-22 07:03:23
34,18,25,2025-06-08 05:43:38,2025-06-13 05:43:38
83,114,5,2025-05-26 13:52:34,2025-06-07 13:52:34
297,55,8,2025-06-09 08:33:50,2025-06-18 08:33:50
242,110,21,2025-06-13 19:40:25,2025-06-18 19:40:25
25,163,12,2025-05-31 10:35:34,2025-06-14 10:35:34
48,128,20,2025-06-02 19:14:02,2025-06-06 19:14:02
21,20,7,2025-06-06 16:14:37,2025-06-18 16:14:37
59,8,21,2025-05-24 03:17:17,2025-06-02 03:17:17
19,13,26,2025-06-07 05:33:50,2025-06-12 05:33:50
24,80,26,2025-06-08 05:43:09,2025-06-17 05:43:09
214,137,30,2025-06-13 19:07:31,2025-06-27 19:07:31
178,23,6,2025-06-02 14:54:12,2025-06-08 14:54:12
281,153,27,2025-06-16 18:18:52,2025-06-22 18:18:52
242,176,16,2025-06-07 02:23:47,2025-06-12 02:23:47
236,198,38,2025-06-14 20:29:07,2025-06-20 20:29:07
294,47,5,2025-06-01 23:04:13,2025-06-06 23:04:13
175,55,16,2025-06-11 19:52:07,2025-06-18 19:52:07
138,136,39,2025-06-18 05:12:28,2025-06-29 05:12:28
12,126,31,2025-05-22 17:04:02,2025-06-03 17:04:02
224,92,34,2025-05-25 14:46:56,2025-06-04 14:46:56
205,81,24,2025-05-26 22:09:04,2025-06-01 22:09:04
293,91,15,2025-06-18 08:22:52,2025-06-29 08:22:52
291,26,21,2025-05-28 13:32:05,2025-06-06 13:32:05
121,196,9,2025-06-02 03:24:45,2025-06-07 03:24:45
152,88,20,2025-06-10 20:27:52,2025-06-17 20:27:52
233,67,9,2025-05-24 01:02:36,2025-05-28 01:02:36
208,9,37,2025-05-31 20:43:05,2025-06-07 20:43:05
239,140,12,2025-06-13 14:06:51,2025-06-24 14:06:51
81,38,15,2025-06-10 22:21:26,2025-06-16 22:21:26
137,174,22,2025-06-16 21:13:15,2025-06-29 21:13:15
294,75,22,2025-05-25 10:30:47,2025-06-04 10:30:47
155,138,24,2025-05-26 21:28:43,2025-06-06 21:28:43
182,171,30,2025-06-17 13:03:05,2025-06-29 13:03:05
159,78,26,2025-06-12 08:03:11,2025-06-16 08:03:11
135,46,12,2025-05-28 12:03:00,2025-06-10 12:03:00
189,119,13,2025-06-01 15:05:41,2025-06-13 15:05:41
48,66,13,2025-06-01 07:52:23,2025-06-10 07:52:23
29,123,9,2025-06-01 12:27:35,2025-06-07 12:27:35
104,149,10,2025-06-08 22:01:34,2025-06-15 22:01:34
120,137,13,2025-05-26 14:46:08,2025-06-05 14:46:08
207,73,30,2025-05-23 16:35:02,2025-05-27 16:35:02
68,55,27,2025-06-03 08:43:00,2025-06-11 08:43:00
136,94,14,2025-05-22 11:33:08,2025-05-30 11:33:08
293,200,12,2025-06-19 10:24:36,2025-06-25 10:24:36
227,45,5,2025-06-10 18:36:13,2025-06-19 18:36:13
240,113,18,2025-05-27 18:03:24,2025-05-30 18:03:24
236,144,6,2025-06-04 12:37:32,2025-06-10 12:37:32
110,66,30,2025-06-19 11:43:21,2025-06-30 11:43:21
203,42,8,2025-06-12 18:01:16,2025-06-26 18:01:16
246,88,18,2025-06-01 01:31:27,2025-06-13 01:31:27
60,154,10,2025-05-26 10:50:19,2025-06-08 10:50:19
299,49,40,2025-06-07 11:00:02,2025-06-12 11:00:02
265,176,10,2025-06-02 09:42:35,2025-06-13 09:42:35
108,186,25,2025-06-20 14:41:30,2025-06-23 14:41:30
227,61,37,2025-05-27 16:18:39,2025-06-03 16:18:39
273,164,25,2025-05-26 10:52:14,2025-06-03 10:52:14
6,93,7,2025-06-03 01:33:48,2025-06-12 01:33:48
261,31,27,2025-06-19 23:01:14,2025-06-23 23:01:14
45,68,31,2025-06-16 23:26:48,2025-06-21 23:26:48
236,129,26,2025-06-02 14:57:12,2025-06-11 14:57:12
209,42,9,2025-05-24 01:23:08,2025-06-03 01:23:08
202,42,34,2025-06-14 00:31:04,2025-06-28 00:31:04
91,80,19,2025-06-04 08:44:48,2025-06-15 08:44:48
64,79,22,2025-06-17 04:19:17,2025-06-25 04:19:17
210,90,10,2025-05-30 00:32:11,2025-06-13 00:32:11
138,152,33,2025-05-22 05:19:45,2025-05-30 05:19:45
105,167,7,2025-06-14 16:17:23,2025-06-18 16:17:23
152,67,29,2025-06-01 09:59:57,2025-06-15 09:59:57
109,63,39,2025-06-10 21:42:56,2025-06-17 21:42:56
165,84,23,2025-06-06 23:16:05,2025-06-14 23:16:05
2,23,13,2025-05-26 18:32:26,2025-06-08 18:32:26
73,36,9,2025-05-26 05:16:41,2025-06-07 05:16:41
267,166,37,2025-06-15 08:46:36,2025-06-22 08:46:36
287,26,18,2025-06-19 05:01:36,2025-06-23 05:01:36
66,14,27,2025-06-02 01:06:40,2025-06-14 01:06:40
126,15,40,2025-06-18 20:37:59,2025-06-30 20:37:59
267,159,19,2025-06-04 09:25:56,2025-06-07 09:25:56
290,180,14,2025-05-21 22:01:53,2025-06-03 22:01:53
95,39,7,2025-06-11 15:32:15,2025-06-16 15:32:15
159,18,36,2025-06-07 20:29:23,2025-06-16 20:29:23
209,152,33,2025-06-08 05:44:29,2025-06-11 05:44:29
207,136,17,2025-06-12 20:57:21,2025-06-26 20:57:21
281,41,40,2025-06-17 22:02:40,2025-06-22 22:02:40
194,182,31,2025-05-29 21:20:24,2025-06-08 21:20:24
149,16,6,2025-05-23 05:15:48,2025-06-05 05:15:48
4,154,35,2025-05-26 15:31:55,2025-06-05 15:31:55
114,84,23,2025-06-18 16:00:25,2025-06-30 16:00:25
210,48,28,2025-05-22 22:48:40,2025-06-04 22:48:40
180,152,6,2025-06-04 06:37:19,2025-06-18 06:37:19
60,37,10,2025-05-31 06:15:14,2025-06-06 06:15:14
187,86,17,2025-05-30 06:23:50,2025-06-02 06:23:50
61,42,26,2025-05-29 12:47:17,2025-06-04 12:47:17
130,176,17,2025-06-02 06:48:32,2025-06-11 06:48:32
133,100,32,2025-05-24 02:35:24,2025-06-05 02:35:24
114,120,8,2025-05-30 14:55:46,2025-06-08 14:55:46
244,163,26,2025-05-31 10:06:43,2025-06-09 10:06:43
153,75,6,2025-06-01 01:30:31,2025-06-07 01:30:31
45,69,37,2025-05-31 12:11:45,2025-06-05 12:11:45
94,31,9,2025-05-28 08:26:46,2025-06-09 08:26:46
134,85,36,2025-06-05 05:37:23,2025-06-10 05:37:23
10,89,28,2025-06-13 06:51:30,2025-06-21 06:51:30
117,42,11,2025-05-24 21:18:50,2025-06-02 21:18:50
283,84,27,2025-06-12 17:35:25,2025-06-20 17:35:25
1,40,29,2025-06-01 20:47:44,2025-06-13 20:47:44
146,95,5,2025-05-28 10:38:40,2025-06-05 10:38:40
268,54,30,2025-05-23 10:36:46,2025-05-26 10:36:46
237,41,14,2025-05-27 15:15:32,2025-06-07 15:15:32
258,73,17,2025-05-31 19:47:28,2025-06-12 19:47:28
77,187,39,2025-06-08 17:05:33,2025-06-21 17:05:33
287,188,31,2025-06-05 10:58:30,2025-06-14 10:58:30
259,149,38,2025-06-11 21:01:58,2025-06-14 21:01:58
51,8,30,2025-05-29 09:15:51,2025-06-11 09:15:51
175,197,16,2025-05-24 23:38:09,2025-06-04 23:38:09
177,73,24,2025-05-29 15:15:07,2025-06-12 15:15:07
101,9,25,2025-06-13 21:51:31,2025-06-18 21:51:31
109,192,32,2025-06-09 06:25:32,2025-06-13 06:25:32
131,196,11,2025-05-22 06:48:16,2025-05-31 06:48:16
120,168,33,2025-05-30 05:35:23,2025-06-02 05:35:23
236,164,15,2025-06-09 02:17:20,2025-06-19 02:17:20
134,181,13,2025-05-23 14:51:07,2025-05-26 14:51:07
24,169,27,2025-06-16 18:56:52,2025-06-19 18:56:52
94,167,23,2025-05-30 09:55:28,2025-06-02 09:55:28
227,146,19,2025-06-11 07:40:27,2025-06-23 07:40:27
227,122,40,2025-05-27 04:21:48,2025-06-07 04:21:48
43,13,21,2025-05-26 00:45:15,2025-06-06 00:45:15
190,150,11,2025-05-29 13:27:50,2025-06-06 13:27:50
13,190,27,2025-06-01 04:40:15,2025-06-08 04:40:15
88,76,40,2025-05-25 11:13:21,2025-06-04 11:13:21
268,73,7,2025-05-29 09:02:35,2025-06-05 09:02:35
54,197,24,2025-06-11 01:29:41,2025-06-21 01:29:41
54,67,5,2025-05-27 04:15:53,2025-06-09 04:15:53
263,194,38,2025-06-12 00:17:25,2025-06-22 00:17:25
250,148,27,2025-06-02 01:01:38,2025-06-06 01:01:38
166,179,30,2025-05-29 23:32:51,2025-06-10 23:32:51
83,35,12,2025-06-03 19:59:56,2025-06-16 19:59:56
103,117,7,2025-06-16 04:04:20,2025-06-29 04:04:20
33,102,40,2025-06-17 20:32:31,2025-06-28 20:32:31
145,173,5,2025-06-16 16:25:36,2025-06-23 16:25:36
245,104,20,2025-06-19 15:17:02,2025-06-25 15:17:02
6,200,24,2025-06-19 08:13:14,2025-06-29 08:13:14
52,79,11,2025-06-06 22:27:31,2025-06-14 22:27:31
296,48,37,2025-06-12 21:46:15,2025-06-19 21:46:15
71,120,29,2025-05-29 13:18:15,2025-06-08 13:18:15
234,72,11,2025-06-19 18:17:51,2025-06-28 18:17:51
173,62,33,2025-06-16 18:44:09,2025-06-23 18:44:09
209,189,29,2025-06-18 10:52:05,2025-06-28 10:52:05
285,88,31,2025-06-01 09:06:03,2025-06-07 09:06:03
227,26,29,2025-06-12 17:06:52,2025-06-19 17:06:52
122,102,9,2025-06-11 12:57:06,2025-06-24 12:57:06
59,25,30,2025-05-30 06:28:30,2025-06-10 06:28:30
189,151,28,2025-06-20 13:43:48,2025-06-25 13:43:48
160,19,36,2025-06-12 12:28:27,2025-06-16 12:28:27
221,134,36,2025-06-04 11:11:10,2025-06-11 11:11:10
252,141,15,2025-06-06 05:46:32,2025-06-14 05:46:32
209,164,20,2025-06-03 13:06:42,2025-06-10 13:06:42
105,45,25,2025-06-20 08:17:32,2025-06-24 08:17:32
6,32,10,2025-06-01 07:25:22,2025-06-04 07:25:22
85,169,40,2025-05-22 21:15:26,2025-06-02 21:15:26
104,178,12,2025-05-31 10:35:38,2025-06-07 10:35:38
293,171,9,2025-06-10 14:44:00,2025-06-17 14:44:00
40,14,10,2025-06-05 06:14:44,2025-06-09 06:14:44
67,12,10,2025-06-09 03:26:34,2025-06-22 03:26:34
233,79,34,2025-06-16 21:45:54,2025-06-23 21:45:54
287,24,25,2025-06-13 11:32:03,2025-06-26 11:32:03
244,146,32,2025-05-26 07:58:29,2025-05-30 07:58:29
141,34,17,2025-06-19 03:18:22,2025-06-30 03:18:22
29,48,9,2025-05-27 12:18:46,2025-06-01 12:18:46
132,83,39,2025-05-28 01:37:53,2025-06-02 01:37:53
135,200,35,2025-05-24 12:35:44,2025-06-07 12:35:44
5,131,6,2025-06-02 01:35:14,2025-06-16 01:35:14
256,12,16,2025-06-16 19:32:45,2025-06-26 19:32:45
265,165,28,2025-05-27 09:46:11,2025-06-06 09:46:11
138,188,17,2025-06-18 02:26:46,2025-06-27 02:26:46
148,42,26,2025-06-14 04:22:24,2025-06-21 04:22:24
92,174,24,2025-06-10 01:40:25,2025-06-23 01:40:25
237,16,16,2025-06-19 02:26:38,2025-06-28 02:26:38
56,162,25,2025-05-28 11:27:50,2025-06-10 11:27:50
150,103,30,2025-05-24 11:28:36,2025-06-02 11:28:36
68,1,35,2025-06-16 01:23:02,2025-06-30 01:23:02
90,147,34,2025-05-30 15:23:48,2025-06-04 15:23:48
68,193,20,2025-06-17 01:56:00,2025-07-01 01:56:00
60,185,38,2025-06-02 03:59:25,2025-06-15 03:59:25
225,7,37,2025-05-28 01:13:17,2025-06-06 01:13:17
124,54,24,2025-06-02 14:06:22,2025-06-16 14:06:22
142,90,19,2025-05-24 09:03:39,2025-06-05 09:03:39
226,93,7,2025-06-15 14:16:15,2025-06-26 14:16:15
89,146,6,2025-06-20 09:00:52,2025-07-04 09:00:52
103,132,25,2025-06-17 07:20:43,2025-06-26 07:20:43
257,12,13,2025-05-25 12:20:27,2025-06-05 12:20:27
156,72,5,2025-06-02 15:17:06,2025-06-07 15:17:06
231,133,17,2025-06-17 01:54:25,2025-06-26 01:54:25
68,169,29,2025-06-17 17:22:22,2025-06-28 17:22:22
142,159,23,2025-05-25 23:17:13,2025-05-29 23:17:13
151,118,8,2025-06-07 09:01:02,2025-06-14 09:01:02
147,117,25,2025-06-16 09:40:51,2025-06-20 09:40:51
178,61,36,2025-06-17 00:14:01,2025-06-30 00:14:01
86,103,6,2025-05-26 10:54:04,2025-06-04 10:54:04
11,139,13,2025-06-03 12:26:49,2025-06-09 12:26:49
265,38,5,2025-06-03 14:10:25,2025-06-16 14:10:25
9,4,16,2025-06-07 00:49:11,2025-06-19 00:49:11
242,138,5,2025-06-17 13:26:48,2025-06-26 13:26:48
247,188,40,2025-05-28 12:35:04,2025-06-02 12:35:04
138,109,25,2025-05-30 13:40:10,2025-06-12 13:40:10
161,52,5,2025-05-24 01:12:31,2025-06-05 01:12:31
76,39,16,2025-06-11 16:15:14,2025-06-16 16:15:14
62,33,37,2025-06-14 17:24:25,2025-06-25 17:24:25
53,103,6,2025-05-31 21:06:56,2025-06-06 21:06:56
164,138,18,2025-05-28 16:42:00,2025-06-02 16:42:00
77,59,15,2025-06-01 14:50:00,2025-06-11 14:50:00
74,58,24,2025-05-26 06:03:43,2025-06-02 06:03:43
71,69,9,2025-06-16 01:23:05,2025-06-25 01:23:05
30,133,18,2025-05-29 02:08:55,2025-06-09 02:08:55
269,165,10,2025-06-12 09:17:44,2025-06-19 09:17:44
279,150,22,2025-05-25 09:09:05,2025-06-05 09:09:05
86,172,15,2025-06-11 09:43:53,2025-06-17 09:43:53
99,33,16,2025-06-17 10:54:20,2025-06-28 10:54:20
155,109,30,2025-05-25 19:18:46,2025-05-29 19:18:46
299,146,33,2025-06-06 12:53:48,2025-06-10 12:53:48
24,131,11,2025-06-13 06:54:35,2025-06-24 06:54:35
205,51,14,2025-05-29 21:44:11,2025-06-02 21:44:11
123,165,19,2025-06-04 07:50:57,2025-06-14 07:50:57
163,184,16,2025-06-07 07:21:02,2025-06-11 07:21:02
134,89,27,2025-05-23 08:49:45,2025-05-30 08:49:45
132,115,13,2025-05-23 12:29:41,2025-05-28 12:29:41
245,8,8,2025-05-22 11:21:22,2025-05-29 11:21:22
265,157,36,2025-05-23 05:45:19,2025-05-30 05:45:19
131,43,16,2025-05-23 02:07:36,2025-06-05 02:07:36
176,158,33,2025-05-23 09:16:50,2025-05-29 09:16:50
17,56,36,2025-05-25 23:21:49,2025-06-01 23:21:49
264,94,8,2025-06-06 13:39:32,2025-06-17 13:39:32
109,113,22,2025-05-29 22:04:25,2025-06-04 22:04:25
75,188,8,2025-06-19 08:28:37,2025-06-22 08:28:37
205,169,5,2025-05-25 20:22:07,2025-06-07 20:22:07
282,64,5,2025-05-25 22:11:50,2025-06-07 22:11:50
233,125,20,2025-05-31 03:46:51,2025-06-09 03:46:51
196,124,28,2025-06-14 06:04:20,2025-06-25 06:04:20
183,149,38,2025-05-26 16:24:18,2025-06-05 16:24:18
250,24,25,2025-06-12 05:22:15,2025-06-22 05:22:15
120,58,19,2025-06-17 01:56:25,2025-06-25 01:56:25
114,129,18,2025-06-08 22:47:53,2025-06-18 22:47:53
20,48,20,2025-05-24 16:37:17,2025-06-04 16:37:17
150,173,8,2025-06-20 06:38:55,2025-06-28 06:38:55
224,153,23,2025-05-23 04:01:50,2025-06-05 04:01:50
235,98,11,2025-05-29 04:25:26,2025-06-10 04:25:26
87,119,38,2025-06-08 01:35:26,2025-06-12 01:35:26
79,191,7,2025-06-06 02:24:46,2025-06-16 02:24:46
206,40,22,2025-06-09 07:32:34,2025-06-20 07:32:34
19,148,27,2025-05-27 12:05:29,2025-06-01 12:05:29
82,68,13,2025-06-15 09:08:57,2025-06-25 09:08:57
168,110,12,2025-06-04 23:38:12,2025-06-14 23:38:12
126,115,14,2025-06-05 02:17:19,2025-06-08 02:17:19
41,122,6,2025-06-03 13:46:55,2025-06-07 13:46:55
58,115,25,2025-05-29 15:29:29,2025-06-11 15:29:29
170,86,30,2025-05-26 01:00:09,2025-06-05 01:00:09
236,76,35,2025-06-17 09:47:51,2025-06-23 09:47:51
189,29,7,2025-05-29 02:17:24,2025-06-07 02:17:24
233,184,24,2025-06-20 01:22:47,2025-06-27 01:22:47
134,178,37,2025-06-18 21:27:37,2025-06-30 21:27:37
22,182,36,2025-06-17 03:05:04,2025-06-21 03:05:04
205,125,36,2025-06-14 01:24:37,2025-06-25 01:24:37
264,14,20,2025-06-04 20:31:00,2025-06-07 20:31:00
85,74,13,2025-06-14 18:08:31,2025-06-20 18:08:31
1,3,40,2025-06-16 06:21:22,2025-06-22 06:21:22
115,78,12,2025-05-25 15:10:23,2025-06-05 15:10:23
246,31,25,2025-05-29 05:21:30,2025-06-12 05:21:30
161,176,6,2025-05-30 10:39:27,2025-06-05 10:39:27
100,15,19,2025-06-04 22:36:22,2025-06-15 22:36:22
6,49,28,2025-06-15 06:06:52,2025-06-22 06:06:52
106,27,20,2025-05-23 23:23:33,2025-06-02 23:23:33
113,28,14,2025-06-06 03:53:32,2025-06-20 03:53:32
293,95,6,2025-06-09 08:00:32,2025-06-16 08:00:32
283,132,39,2025-06-13 16:12:05,2025-06-17 16:12:05
278,128,28,2025-05-23 20:58:23,2025-06-04 20:58:23
290,119,19,2025-06-15 12:47:18,2025-06-20 12:47:18
91,165,13,2025-06-12 00:22:25,2025-06-22 00:22:25
269,10,14,2025-06-13 14:22:55,2025-06-24 14:22:55
121,180,39,2025-05-23 04:30:30,2025-06-01 04:30:30
108,148,11,2025-05-24 01:21:27,2025-06-06 01:21:27
20,108,16,2025-06-20 00:03:19,2025-06-23 00:03:19
142,110,34,2025-05-24 06:50:28,2025-06-04 06:50:28
213,51,7,2025-05-22 01:10:49,2025-05-28 01:10:49
278,17,29,2025-06-03 14:20:33,2025-06-15 14:20:33