userId,flightId,seatId,reservationDate
281,197,4996,2024-12-10 23:14:15
232,97,2718,2025-05-20 12:24:07
445,267,2453,2024-10-26 23:58:36
105,131,1320,2024-07-25 11:43:07
97,52,2145,2024-12-03 01:51:40
291,142,2732,2025-04-19 20:35:50
86,52,1383,2024-12-01 17:55:48
177,281,3550,2024-07-09 16:46:49
24,218,1139,2025-03-30 05:46:49
330,3,4196,2024-06-04 19:34:03
56,283,365,2024-08-10 00:31:20
350,140,392,2024-06-19 04:26:11
335,295,4791,2025-01-09 14:39:51
60,163,1017,2024-10-11 09:29:59
409,155,851,2025-04-13 15:38:43
150,2,2935,2024-09-14 13:49:20
404,31,4575,2024-07-05 13:00:54
179,8,649,2025-01-11 09:30:59
361,124,2182,2025-05-07 19:34:12
246,140,1324,2024-10-28 20:06:27
497,206,1796,2024-10-17 05:58:18
402,213,2087,2024-10-14 16:11:37
37,94,1408,2024-09-14 23:50:58
412,211,2484,2024-10-13 18:33:44
232,70,2624,2024-05-30 22:40:43
355,137,1796,2024-09-20 19:54:47
359,295,1461,2024-11-26 21:22:26
147,175,1736,2024-08-06 20:11:04
308,204,108,2025-03-09 01:32:55
434,149,1037,2024-05-27 21:39:27
130,14,4399,2024-08-13 09:24:06
489,43,3716,2024-11-06 19:38:37
145,142,1133,2025-03-18 16:20:05
189,122,4680,2025-01-24 14:57:33
359,205,4325,2025-03-09 01:53:07
334,173,1522,2024-07-17 19:51:54
232,222,4122,2024-11-12 09:53:18
439,91,157,2025-04-22 16:21:42
292,51,4490,2025-01-05 23:20:43
332,282,837,2025-03-24 16:21:36
85,79,2513,2025-03-12 08:15:36
402,197,3194,2025-03-08 15:25:32
63,133,1308,2024-07-14 23:35:26
400,275,321,2025-01-28 17:55:22
310,250,14,2025-03-25 22:31:26
83,5,4981,2024-09-15 22:43:26
391,240,4809,2024-10-22 14:29:23
362,8,4976,2024-08-24 14:58:05
223,127,2933,2024-07-15 22:36:53
444,52,2607,2024-05-28 00:47:38
319,40,613,2025-05-06 09:26:29
241,175,1747,2024-08-17 20:35:57
121,61,3604,2025-05-07 14:53:44
29,70,2870,2024-11-08 04:09:32
459,105,1960,2024-08-27 21:31:28
256,243,14,2024-11-26 17:13:09
273,200,422,2024-10-23 17:19:07
158,121,3832,2024-11-18 18:49:40
391,246,2832,2025-02-22 12:45:31
282,236,1476,2024-11-18 08:09:42
394,189,1625,2024-10-12 23:23:46
240,45,4034,2025-04-29 08:32:58
71,19,941,2024-08-09 04:00:40
166,118,1968,2024-11-17 14:24:08
117,13,61,2024-07-11 07:41:14
103,96,2758,2024-10-30 03:40:36
487,196,4714,2024-06-10 14:43:17
468,213,2226,2024-08-24 23:06:59
228,129,551,2024-07-17 04:38:50
98,121,574,2025-05-05 01:08:52
473,52,2923,2025-01-25 05:35:06
47,213,4122,2025-05-15 00:45:45
117,149,4419,2024-06-30 00:10:58
385,155,1294,2024-09-13 09:38:09
73,212,3542,2024-10-13 22:24:16
102,45,3015,2024-06-11 07:14:52
155,109,145,2024-10-04 19:33:00
304,16,1691,2024-11-18 07:05:14
329,160,4657,2025-05-09 20:17:16
61,127,624,2024-10-18 19:06:38
183,196,2807,2025-05-01 04:00:45
101,195,3540,2025-01-30 10:34:03
255,46,1698,2025-04-25 08:49:15
206,157,3431,2024-11-05 23:33:21
452,101,2693,2024-06-21 00:18:11
43,155,2661,2025-01-09 00:06:27
87,95,4220,2024-09-12 19:57:43
387,70,1742,2024-10-06 10:52:35
72,167,1773,2025-04-05 13:17:33
426,159,4191,2024-12-06 17:33:33
338,165,1532,2024-12-21 21:29:13
422,229,4655,2024-11-22 23:06:34
109,131,4884,2024-06-06 09:51:16
435,209,2911,2025-05-19 09:26:16
499,225,3737,2025-04-24 00:20:56
162,282,1966,2025-04-15 16:22:44
329,114,2839,2024-11-23 21:01:01
91,62,4977,2024-06-16 23:40:05
255,1,3175,2024-10-05 13:30:50
151,4,3549,2024-09-27 09:29:59
148,46,1177,2024-08-04 19:29:51
101,40,2650,2024-09-19 04:44:04
144,21,1275,2025-05-14 17:39:55
158,134,3771,2024-12-04 11:05:22
258,105,69,2024-07-25 02:51:46
453,232,2737,2024-05-25 23:11:26
8,55,3276,2024-06-30 00:20:58
101,73,4076,2024-07-17 08:23:24
325,11,1553,2025-03-06 17:52:12
334,138,4679,2025-02-21 20:07:08
59,130,838,2024-12-25 18:32:20
444,9,2837,2024-09-03 09:04:26
65,195,4958,2024-06-13 22:19:36
322,204,1647,2024-05-31 06:12:24
421,212,2438,2024-12-05 13:05:11
86,238,1252,2024-08-14 14:30:49
374,38,1536,2025-01-21 14:27:07
467,208,2143,2024-12-10 01:03:36
351,161,2334,2024-10-12 20:35:37
104,199,3985,2024-05-31 01:08:21
215,261,3941,2024-11-11 19:08:43
313,222,3923,2024-10-25 08:12:45
338,157,3194,2024-09-28 09:37:36
246,96,3166,2025-03-27 18:48:11
306,264,3346,2025-01-14 17:01:28
364,100,40,2024-11-16 10:21:45
457,46,1905,2024-10-03 09:43:19
106,113,1087,2025-01-18 03:28:51
250,288,4507,2024-09-25 11:45:23
486,70,776,2024-09-09 07:51:12
425,232,10,2024-10-11 13:50:44
88,214,3965,2024-06-10 10:42:52
62,291,3153,2025-03-28 20:05:17
37,152,4940,2024-12-08 10:54:21
145,49,4425,2025-01-04 02:31:28
181,62,2525,2024-07-08 13:21:30
377,236,2906,2025-04-29 19:15:52
217,64,3407,2024-11-07 22:18:13
379,22,1711,2025-03-12 05:48:07
279,145,4778,2024-11-27 00:07:33
486,168,1231,2024-11-05 23:47:48
204,15,3431,2025-03-14 05:46:37
264,95,1292,2024-12-07 06:42:09
497,257,3756,2024-06-04 17:08:14
290,161,3310,2025-02-04 10:41:32
37,158,694,2025-03-20 07:48:56
386,6,4634,2024-12-20 11:46:27
468,195,3134,2025-02-28 15:47:04
36,189,1391,2025-03-08 12:44:29
318,98,1295,2024-12-27 14:54:34
375,173,3702,2024-12-04 03:54:52
271,24,4483,2024-06-16 19:19:13
259,172,355,2024-07-20 05:16:44
217,292,123,2025-05-18 23:50:29
98,29,1824,2025-04-06 23:01:18
147,248,584,2024-10-15 10:39:21
41,95,404,2024-09-26 21:22:47
71,241,1742,2025-02-02 05:31:46
13,72,1920,2025-02-23 01:37:46
448,271,2971,2024-11-08 11:56:44
327,294,2708,2025-03-01 17:44:46
360,50,1142,2025-02-26 06:44:00
304,79,289,2025-01-23 08:40:35
238,79,1206,2024-09-02 09:44:48
101,24,1677,2024-07-16 13:51:53
125,191,4534,2024-07-15 21:38:40
77,114,1838,2025-03-13 15:30:29
296,277,2944,2025-05-12 00:30:34
35,55,983,2024-08-05 22:06:27
491,124,4773,2024-06-26 20:43:47
255,241,1996,2025-01-16 05:49:31
278,235,4929,2024-10-17 18:14:58
81,225,4517,2024-09-05 18:24:27
240,200,3585,2024-10-21 20:12:31
483,274,1282,2024-08-15 04:54:08
126,201,63,2024-06-06 22:35:53
326,283,2401,2024-06-07 18:22:28
94,67,4860,2024-09-16 07:28:05
395,197,3344,2024-05-26 09:03:25
169,54,2496,2024-07-12 07:14:57
131,134,4170,2024-08-05 04:57:00
193,174,3765,2024-10-31 03:41:07
139,102,194,2024-12-28 18:21:09
460,207,1272,2024-08-04 21:13:17
420,12,3131,2024-10-30 20:21:06
271,34,2535,2025-03-28 03:45:20
347,286,2448,2025-04-07 10:17:30
415,290,1011,2025-04-29 15:50:56
301,259,3597,2024-07-19 13:35:13
73,26,1419,2024-11-03 11:14:35
432,264,649,2024-12-20 03:04:15
33,107,83,2024-12-28 08:01:29
389,3,4242,2024-08-28 18:17:25
140,122,1790,2025-05-12 10:32:33
300,62,2373,2024-08-11 11:13:22
460,44,4745,2024-05-21 21:25:27
362,282,952,2024-06-16 09:25:54
387,39,3589,2024-07-24 03:03:29
303,211,2042,2025-04-20 05:06:53
458,100,174,2024-06-05 05:18:05
321,173,11,2024-09-01 18:51:02
233,144,4682,2025-02-28 02:29:18
492,174,433,2024-11-25 02:53:58
445,145,2318,2025-03-23 07:37:28
123,88,3613,2024-06-16 08:08:04
50,86,4673,2024-08-14 18:14:52
286,4,1164,2024-11-19 13:04:25
362,267,2302,2025-05-12 01:48:25
500,136,914,2024-07-24 23:40:48
408,210,709,2025-05-15 20:06:12
346,194,4849,2025-02-06 21:20:09
110,210,1466,2024-11-29 07:43:39
140,30,4257,2024-07-05 00:54:21
380,270,2708,2024-06-21 17:30:35
443,59,3505,2025-02-05 15:33:34
120,68,1971,2024-11-16 03:58:50
260,54,1605,2025-04-01 21:38:12
251,8,2623,2025-05-05 23:12:17
248,151,627,2024-10-01 18:40:52
20,125,3899,2025-01-16 05:07:01
211,82,1436,2025-02-28 08:51:48
213,172,4924,2024-10-13 04:30:56
138,63,2674,2025-04-17 00:14:55
66,185,4376,2024-11-19 18:50:58
108,270,2867,2024-08-29 21:39:03
43,221,1920,2024-12-31 18:34:28
162,253,4236,2024-12-24 14:22:34
38,61,3370,2024-12-20 11:10:27
145,143,3554,2025-05-01 23:48:27
211,257,2251,2025-05-06 17:06:22
413,246,872,2025-04-02 22:42:55
422,98,1398,2025-03-05 21:07:07
351,31,824,2024-09-27 01:33:13
398,31,1457,2025-01-21 22:22:29
427,52,2773,2025-02-03 21:50:37
267,175,990,2024-09-25 11:38:54
430,51,4514,2024-12-12 05:25:29
189,270,666,2024-07-21 02:25:16
469,62,436,2025-02-05 00:02:17
49,147,3146,2025-02-10 12:26:32
24,68,1568,2025-04-11 02:14:48
393,190,2048,2025-02-23 23:00:04
456,173,4851,2025-01-05 17:17:01
498,204,4173,2024-12-09 15:20:27
84,262,4852,2025-02-10 18:26:46
8,50,2218,2024-09-07 00:16:42
493,25,4407,2025-03-30 18:21:55
59,72,1986,2025-01-07 07:13:33
173,220,1867,2025-03-19 22:23:06
416,42,3270,2025-05-04 20:57:55
254,196,3238,2024-08-24 22:28:09
26,74,3711,2024-08-17 12:27:58
49,204,4596,2025-04-03 03:51:18
299,93,3795,2024-05-30 07:17:36
271,285,4555,2024-11-06 04:07:57
141,240,4200,2024-11-25 09:43:00
395,236,735,2024-09-04 09:07:14
280,40,1629,2024-09-26 02:45:11
433,273,1881,2025-05-21 17:00:57
158,256,3635,2024-12-05 06:49:33
383,24,2852,2024-09-15 09:38:43
500,46,104,2024-12-01 09:59:09
332,131,3886,2025-02-26 22:53:19
120,1,4545,2024-10-25 20:18:06
16,95,4237,2024-06-10 14:09:54
85,49,1766,2025-01-06 11:07:00
59,41,2442,2024-09-15 07:32:04
430,262,1415,2025-03-29 00:16:51
160,48,2465,2025-04-21 21:03:22
378,120,172,2024-08-29 17:32:23
141,152,2533,2024-07-02 00:45:42
196,291,3805,2025-04-06 17:01:10
273,152,1202,2024-07-18 03:20:18
408,168,4609,2024-12-23 05:14:45
212,114,2461,2024-08-16 12:28:39
297,9,175,2025-04-14 15:20:24
477,47,4840,2025-03-21 22:40:10
232,215,4309,2024-08-14 16:55:31
369,116,2022,2025-04-28 17:17:19
142,185,60,2024-08-26 06:32:45
32,133,852,2024-11-18 00:10:22
317,187,732,2025-05-08 04:58:44
342,45,1623,2024-07-20 04:36:36
323,23,1757,2025-05-16 07:33:59
14,227,3187,2024-06-28 23:07:57
440,200,578,2025-02-16 12:12:30
245,3,3172,2024-12-18 05:53:47
360,55,3177,2024-12-04 02:56:39
351,206,4558,2024-10-09 15:28:43
376,138,3390,2024-10-28 22:16:12
160,276,1110,2025-03-06 00:57:39
408,16,4910,2024-10-23 23:01:06
268,251,1037,2024-10-31 12:13:12
272,159,4287,2024-12-27 16:58:53
471,37,4194,2024-09-27 07:16:11
55,274,3189,2024-09-14 19:48:34
294,202,4951,2024-06-22 04:19:07
72,116,2301,2024-08-23 20:20:57
131,132,457,2024-07-23 18:14:28
168,190,3604,2025-01-18 15:27:45
73,159,4084,2024-11-24 13:00:12
388,237,1402,2025-05-17 05:32:48
43,114,4676,2025-02-03 02:39:03
210,101,3308,2024-06-16 10:17:32
79,14,4776,2025-03-18 15:20:48
39,209,63,2024-09-20 14:25:51
487,140,4786,2025-05-16 08:14:44
347,151,898,2025-05-02 01:04:37
245,81,1587,2024-06-12 18:30:52
35,15,513,2024-11-06 20:26:39
225,29,3198,2024-10-26 07:37:55
217,270,3080,2025-04-03 05:03:26
125,225,1100,2024-11-05 12:14:05
52,280,2974,2024-07-20 11:57:07
403,285,4719,2024-10-29 12:58:37
111,178,4208,2024-11-21 10:26:32
482,129,418,2024-06-02 13:18:38
414,157,3944,2024-09-28 07:14:57
21,188,3741,2025-05-20 19:08:57
46,82,3413,2024-10-12 12:19:56
163,199,2839,2024-07-06 14:05:22
197,143,827,2024-09-18 06:58:36
349,220,2585,2024-08-21 04:51:29
203,200,3438,2024-11-26 14:50:03
235,49,2746,2025-04-28 02:00:00
235,58,682,2024-11-28 16:36:51
421,61,1150,2025-05-17 00:11:36
20,254,148,2024-10-22 14:20:23
54,268,145,2025-01-05 04:38:30
355,173,4313,2024-08-12 19:01:50
394,291,1571,2024-10-26 01:58:28
392,189,4667,2024-11-04 17:00:53
217,252,4831,2025-04-16 13:35:17
414,96,3353,2024-08-20 23:32:10
94,186,2778,2024-09-09 22:12:40
71,177,3772,2024-08-24 03:15:44
216,41,2863,2025-01-13 19:05:23
15,122,1537,2025-03-30 02:53:53
178,263,2115,2024-07-24 17:04:01
275,25,4225,2024-09-29 04:55:26
214,34,4129,2024-07-22 11:55:00
221,265,1567,2025-01-08 21:44:14
385,6,2072,2024-09-25 17:19:57
105,144,1189,2025-01-07 03:27:27
83,254,4426,2024-10-15 00:36:51
192,112,1072,2025-04-18 00:31:37
424,64,28,2024-06-22 20:37:19
34,124,1795,2024-06-29 18:21:26
462,299,4458,2024-06-22 13:19:09
290,112,79,2024-06-22 15:19:36
290,8,2299,2025-03-26 21:12:30
4,25,2026,2025-03-04 01:29:14
251,216,2824,2024-05-24 23:16:15
284,159,4647,2024-07-18 22:40:19
339,9,869,2024-12-17 12:45:26
457,156,348,2024-11-04 02:26:47
449,174,3545,2024-11-28 23:57:22
171,1,1213,2025-05-04 20:52:59
428,181,3688,2024-06-26 12:34:41
281,251,306,2025-05-19 13:08:20
345,24,2662,2025-03-25 20:55:43
313,29,1172,2025-03-31 12:09:48
350,237,4931,2025-02-16 12:13:30
289,4,2222,2025-01-28 07:39:20
201,99,3236,2024-07-19 15:50:07
310,35,4874,2024-06-10 14:49:44
391,295,913,2024-05-22 11:35:39
265,99,4274,2024-11-20 16:07:04
216,137,4347,2024-07-29 15:14:26
387,277,1538,2024-06-03 08:46:57
195,69,3347,2024-07-12 12:17:39
301,213,652,2024-09-11 20:23:57
212,100,3186,2025-04-14 06:52:23
489,228,3892,2024-10-11 02:39:20
454,35,3731,2025-02-09 06:27:08
470,235,2608,2025-02-11 22:58:11
95,211,4674,2025-05-13 05:17:55
362,154,1474,2025-04-07 18:04:37
353,197,814,2025-02-17 12:28:01
184,140,4426,2024-10-07 09:57:20
324,237,4423,2025-02-04 08:15:08
279,46,2170,2024-12-29 19:32:26
50,71,2113,2024-06-24 15:53:13
168,84,3643,2024-06-06 08:58:23
386,242,291,2024-07-24 20:06:58
186,20,4369,2025-05-03 10:22:55
412,242,2768,2024-09-18 23:22:51
478,174,336,2024-09-26 21:17:01
165,221,1336,2024-06-29 11:56:23
136,152,4377,2024-06-05 19:06:27
42,279,4397,2025-01-03 00:49:16
273,198,3621,2024-06-22 15:39:29
265,189,205,2024-06-06 00:26:03
52,116,4703,2025-01-15 06:25:16
58,296,1646,2024-05-21 18:07:33
270,237,510,2025-04-05 16:25:12
225,143,662,2025-05-14 22:56:21
153,87,180,2024-08-04 08:01:20
52,124,2265,2025-03-24 07:12:39
429,276,2537,2024-07-26 16:02:34
109,283,1430,2025-05-05 01:18:32
280,39,2545,2024-10-20 11:15:27
9,150,3199,2025-04-06 18:09:21
91,160,3890,2024-11-28 02:37:37
273,224,1606,2024-07-02 10:28:15
408,184,3605,2024-09-02 11:50:19
475,95,1767,2025-01-07 02:45:01
211,84,3945,2024-09-11 20:26:58
469,117,1906,2025-01-15 16:24:37
25,257,4674,2025-04-11 16:08:43
6,124,2506,2024-12-11 23:37:50
164,152,2539,2024-06-18 12:16:35
204,257,2321,2025-04-09 17:05:53
412,128,1464,2025-01-14 15:15:43
428,33,345,2024-09-09 03:21:28
444,165,2425,2024-07-14 12:08:04
491,199,4605,2024-06-15 21:26:52
215,53,3991,2024-11-17 05:25:43
236,97,469,2025-01-12 02:01:56
401,242,4639,2025-04-17 17:02:27
478,2,4694,2024-08-30 15:20:58
318,39,4679,2024-07-21 19:09:30
313,257,2285,2025-01-26 13:39:32
204,229,3436,2025-03-19 01:41:04
35,239,158,2025-02-17 12:04:43
306,295,3050,2024-12-07 15:16:33
61,48,325,2024-06-28 00:02:41
111,180,3310,2024-11-30 11:04:03
374,84,2610,2025-01-12 04:58:35
248,204,1090,2024-08-16 14:01:53
36,30,4875,2025-02-13 06:23:01
18,73,4315,2024-09-08 20:23:15
14,178,3717,2024-06-03 02:42:56
389,176,3061,2024-10-21 10:49:57
12,13,449,2025-04-17 14:48:48
392,132,2440,2024-09-30 04:39:26
141,38,2822,2025-02-03 22:28:08
219,196,1952,2024-07-23 21:36:23
22,192,3677,2025-02-15 13:09:32
459,81,4071,2024-11-21 05:39:11
191,223,1268,2025-04-01 08:24:39
411,96,179,2024-11-13 09:49:27
84,59,3695,2024-10-07 23:56:59
164,277,4656,2024-12-05 07:12:24
92,288,1738,2024-09-17 15:58:59
289,12,2625,2024-09-12 17:11:11
100,236,240,2025-01-30 11:06:09
61,117,3917,2025-02-19 17:20:37
363,201,237,2025-04-03 01:06:59
495,234,1514,2024-10-24 10:36:25
3,111,1251,2024-10-30 23:53:55
457,143,4256,2025-03-31 01:36:24
312,99,1154,2025-05-18 01:00:04
117,239,3946,2024-08-20 23:39:51
470,188,3445,2025-03-26 03:09:22
252,244,2220,2025-04-15 15:53:49
479,193,3179,2024-09-18 19:16:04
444,280,2664,2025-02-04 10:05:23
105,96,2272,2024-09-25 12:21:44
60,151,4140,2024-08-11 10:34:57
145,80,3429,2024-08-23 03:27:06
333,288,4951,2024-11-16 19:38:38
261,282,289,2024-07-18 10:19:08
455,250,3616,2025-02-18 18:45:41
184,244,2342,2024-07-20 22:53:11
224,177,4339,2024-06-04 23:07:07
174,225,4499,2024-06-21 12:41:47
191,202,2452,2024-06-13 11:42:41
188,45,4766,2025-01-04 21:44:35
92,142,1127,2025-04-26 13:03:03
230,291,1984,2024-07-06 09:21:08
136,198,4409,2024-07-18 00:37:00
349,66,4584,2024-07-02 11:44:19
488,186,748,2024-11-12 00:22:45
205,178,1183,2024-07-09 15:34:03
94,267,4019,2024-07-18 15:57:59
500,107,2673,2025-02-26 08:50:30
56,45,4512,2024-06-19 04:40:12
240,247,4345,2024-09-08 08:59:59
202,124,2127,2025-03-16 20:28:40
322,35,2243,2024-09-27 21:23:29
146,287,3920,2025-02-12 18:12:31
341,249,3616,2024-09-22 22:17:36
154,228,3339,2025-01-01 15:19:49
399,101,4786,2024-08-22 14:08:56
229,40,150,2025-02-24 18:21:16
99,35,4292,2024-11-24 16:56:48
275,225,1467,2024-11-06 17:45:16
255,250,4658,2024-10-27 20:30:12
486,215,449,2024-07-08 07:01:37
448,210,4419,2025-05-17 19:11:12
259,268,3130,2025-01-26 21:33:13
225,145,1432,2025-02-05 04:51:41
488,5,2708,2025-02-06 12:17:04
352,16,2658,2024-12-22 02:16:23
241,274,2426,2025-02-28 22:27:29
207,90,1182,2025-01-04 21:37:42
422,36,3320,2024-09-16 04:04:22
108,135,3334,2025-05-20 17:40:42
170,48,4353,2025-02-21 01:31:52
370,208,2605,2024-08-11 03:21:19
396,59,2836,2025-05-04 11:38:24
120,44,1087,2024-11-21 10:56:49
33,151,588,2025-01-31 12:11:46
347,120,4271,2024-06-03 19:30:55
65,257,3968,2024-10-10 02:49:00
320,25,4356,2024-07-21 11:06:50
384,221,4170,2024-10-20 10:36:23
219,162,886,2024-08-04 00:56:34
472,130,3578,2024-10-02 16:34:15
430,210,435,2024-06-16 07:49:12
402,53,4049,2024-06-09 16:02:03
8,180,4643,2024-06-02 20:37:04
122,213,3794,2025-04-13 07:57:32
19,55,2743,2025-04-17 23:18:21
190,85,1508,2025-03-29 18:29:23
199,158,638,2024-08-27 14:38:45
378,69,2155,2024-10-19 23:05:36
198,192,2744,2024-08-02 03:01:41
79,185,3984,2025-04-02 05:21:50
288,232,1603,2024-11-30 22:15:56
471,163,940,2024-11-17 16:18:34
195,279,1954,2025-02-01 08:12:53
72,3,1474,2024-10-23 01:00:41
82,238,1019,2025-03-22 00:59:02
43,110,662,2025-02-21 01:49:10
257,26,491,2025-04-21 15:54:57
74,43,2278,2024-09-24 08:07:12
308,266,422,2024-11-12 06:49:46
17,274,2081,2024-07-12 06:53:16
227,162,2727,2025-04-03 11:46:17
185,229,3981,2024-09-25 15:08:41
127,149,1775,2025-03-07 02:39:52
77,287,1479,2025-02-20 09:26:29
118,35,1543,2024-11-01 16:42:43
66,34,4504,2025-02-01 08:55:02
406,124,3407,2024-09-20 22:10:48
200,298,2152,2025-05-12 05:09:18
320,265,2040,2025-03-09 12:45:32
184,263,82,2024-12-27 16:56:35
269,140,3196,2025-04-23 19:44:01
308,265,4074,2025-02-17 11:15:48
106,71,4732,2024-08-01 02:47:19
401,233,2586,2024-05-24 13:28:24
262,140,2744,2025-04-24 05:25:48
219,73,3885,2025-03-21 20:09:18
55,98,3820,2024-07-24 10:24:00
28,74,2126,2024-08-26 23:54:16
469,154,3215,2024-10-30 03:41:10
435,269,2267,2024-06-26 20:58:44
179,289,4439,2024-11-26 18:19:21
315,15,4931,2025-04-26 16:35:11
32,195,3271,2024-09-28 14:25:48
477,15,4700,2024-07-18 05:09:48
153,240,4297,2024-06-06 23:50:43
102,28,3414,2025-04-30 01:39:33
76,218,2384,2024-07-15 04:12:45
208,170,4113,2024-08-22 21:19:11
459,273,4639,2024-12-06 19:38:12
303,284,4094,2025-01-11 05:05:57
91,138,2195,2024-11-30 01:12:27
389,154,3186,2024-09-06 14:00:14
465,125,673,2025-05-09 00:51:10
73,272,2295,2024-08-08 05:17:47
408,72,352,2025-02-25 14:20:13
297,89,3757,2024-07-30 18:38:31
157,300,2013,2024-10-30 22:58:20
351,291,363,2024-06-05 14:30:40
302,265,755,2025-03-17 01:04:30
351,41,1174,2024-05-25 06:07:27
71,20,1489,2025-01-21 22:30:00
491,38,2796,2024-10-08 18:21:50
336,50,1135,2025-02-21 22:32:38
331,260,2900,2024-10-01 20:47:11
41,108,3140,2025-03-28 10:37:28
261,143,263,2025-01-15 11:12:29
167,149,887,2024-10-13 12:58:27
367,199,2720,2024-09-29 14:53:00
85,118,4003,2024-05-22 17:39:11
5,1,4403,2024-07-01 07:03:24
441,232,4081,2024-11-25 04:08:47
244,191,634,2025-03-17 07:40:29
315,28,379,2025-04-06 19:23:47
106,91,1298,2024-12-02 06:30:53
494,221,218,2024-08-08 00:14:35
244,124,2351,2024-08-11 15:22:40
390,238,4174,2024-07-18 01:47:24
383,147,1965,2024-09-27 19:25:52
83,219,3832,2025-02-09 21:30:52
490,132,4358,2025-02-01 11:20:54
159,217,2230,2025-04-19 19:10:25
326,113,636,2025-03-03 17:14:27
398,32,1711,2025-03-06 15:12:40
72,112,1901,2024-12-03 18:54:18
279,182,2110,2024-09-04 20:50:29
125,229,3561,2024-12-13 20:11:54
491,247,1935,2024-10-20 09:38:10
29,183,4490,2025-05-02 03:41:08
176,276,1426,2024-12-13 00:18:30
40,217,2275,2025-01-05 23:53:05
391,175,4936,2025-01-14 12:42:57
492,215,4469,2025-05-16 12:28:29
77,71,2224,2025-01-14 10:29:08
106,48,1116,2024-08-06 01:09:11
349,41,1223,2024-11-06 14:03:09
183,188,4108,2025-03-16 14:22:26
257,267,1602,2025-03-01 16:04:48
377,87,1688,2025-03-28 11:17:05
11,245,4452,2024-06-05 23:36:34
62,137,910,2024-11-14 08:36:15
66,169,3829,2025-02-24 22:42:16
11,212,3691,2025-01-06 04:25:38
463,30,3746,2024-12-20 03:41:50
256,96,2459,2024-09-11 08:56:13
130,176,2462,2024-12-16 22:02:50
377,241,2670,2025-03-11 04:27:36
335,225,569,2024-11-14 22:26:06
53,119,903,2024-06-07 23:02:13
192,213,4313,2024-09-09 03:44:18
427,250,1728,2024-09-27 20:14:48
60,22,1070,2024-05-28 15:07:07
153,81,3172,2024-10-26 20:47:21
412,152,2600,2025-01-05 13:00:09
308,220,1891,2025-01-20 04:36:05
293,144,3502,2025-03-25 04:36:26
271,147,3041,2024-06-15 01:27:49
263,110,816,2024-11-21 22:57:50
414,7,4691,2025-04-08 20:07:54
8,99,2837,2025-04-27 17:52:38
285,177,4125,2024-10-30 17:08:45
365,244,1108,2025-05-17 11:29:54
194,98,1536,2024-11-17 16:40:27
356,243,2867,2025-05-11 16:13:03
18,96,4022,2025-04-30 03:02:42
325,37,4964,2025-01-13 02:11:54
80,200,2505,2024-12-29 18:36:43
95,57,55,2024-08-19 08:42:19
89,121,4504,2025-05-15 03:57:27
400,225,1331,2024-09-21 01:49:33
476,265,4484,2025-04-10 21:03:35
16,251,2044,2025-01-06 03:40:04
223,213,2520,2024-08-16 05:42:50
292,253,343,2024-11-12 03:39:07
194,161,4742,2024-09-01 11:19:38
364,2,959,2024-09-15 06:58:31
289,208,2189,2025-05-02 21:38:41
113,123,2831,2025-01-29 21:43:47
212,74,1548,2025-04-17 14:53:26
298,171,219,2024-06-05 16:56:50
89,38,634,2025-04-03 20:40:24
442,62,4168,2024-08-18 18:58:56
242,3,362,2025-02-05 06:22:46
492,3,329,2025-05-07 21:34:34
276,72,1465,2025-01-01 18:03:54
66,29,2941,2024-08-28 08:54:50
121,68,1367,2024-10-22 00:03:34
22,278,4805,2024-09-01 17:31:45
121,295,2944,2024-05-23 08:04:44
197,26,4335,2024-12-13 19:01:16
293,271,249,2024-08-18 16:37:58
150,218,3138,2024-06-06 10:02:18
37,229,955,2024-08-15 19:28:27
428,8,755,2025-04-05 17:08:28
147,241,4396,2024-11-12 03:27:09
93,135,3816,2024-08-22 11:35:40
423,181,4631,2024-10-22 20:15:47
315,52,998,2024-05-22 13:06:54
464,250,1569,2024-11-04 16:07:49
291,23,3213,2024-06-09 05:19:48
215,166,478,2024-06-20 05:29:46
377,207,4219,2025-03-29 06:58:03
272,258,2991,2025-03-29 15:17:15
237,220,318,2024-09-04 22:36:00
94,239,1613,2024-12-15 13:06:08
63,218,163,2025-04-02 23:07:40
123,179,436,2025-05-06 00:01:49
79,157,2788,2024-12-19 22:19:01
8,202,1633,2025-05-21 16:48:00
65,238,499,2024-10-30 12:34:42
478,179,1266,2024-05-28 00:28:16
433,141,722,2024-12-02 12:48:20
339,219,4985,2025-04-23 23:34:28
417,132,2572,2025-03-02 05:51:56
221,154,3126,2025-03-26 06:37:31
275,213,3104,2025-03-15 11:02:25
240,204,2084,2025-01-25 05:33:18
211,62,2278,2025-03-23 16:46:28
85,259,2499,2024-09-17 14:10:08
5,9,42,2025-03-16 06:48:54
479,7,899,2025-01-09 18:49:42
109,228,2156,2025-02-03 06:40:34
98,230,4183,2024-06-10 13:19:05
139,251,800,2024-11-30 13:07:08
9,244,1969,2025-01-01 23:46:27
260,92,1561,2024-08-12 13:18:27
491,93,1207,2024-12-15 02:13:09
167,278,1827,2025-02-02 11:47:45
115,247,3503,2024-12-22 04:30:04
400,85,1158,2024-09-10 08:21:59
446,108,1928,2025-03-20 11:14:08
138,169,364,2024-07-05 16:08:30
60,176,2261,2025-04-18 19:29:50
61,242,4046,2024-08-20 20:56:44
208,189,3784,2025-05-16 03:37:43
276,216,3581,2024-10-19 18:07:46
41,22,414,2024-12-25 10:45:08
19,10,2880,2025-02-27 12:21:06
307,45,1005,2024-09-26 06:47:46
272,196,1333,2024-07-29 12:06:20
330,138,4093,2024-12-19 08:29:50
312,123,1764,2025-01-31 11:27:30
321,106,2469,2024-08-07 10:40:15
261,296,699,2024-05-27 04:35:56
147,29,1052,2025-02-11 17:35:08
203,200,1846,2024-11-04 11:22:27
45,164,2848,2024-06-21 14:46:55
325,180,4307,2024-09-26 08:32:35
25,10,4124,2025-01-27 21:09:11
247,190,4082,2024-08-25 01:15:47
396,174,3776,2024-11-24 00:48:04
169,51,1737,2024-05-29 16:59:34
57,261,1830,2024-06-29 07:10:24
377,283,1113,2024-07-11 02:41:07
481,99,4024,2025-05-18 06:27:09
28,276,2301,2025-03-08 17:08:58
141,132,3180,2025-03-01 13:42:29
275,164,136,2024-08-29 22:40:29
54,102,4438,2024-07-26 07:32:41
45,126,4150,2025-02-01 00:05:04
188,153,895,2024-09-12 04:43:41
282,159,1450,2025-02-06 13:52:15
316,116,1318,2024-08-29 12:24:55
487,207,2293,2024-10-30 01:35:07
166,233,377,2024-07-23 12:47:52
34,241,3677,2025-05-08 12:14:53
128,118,3991,2024-11-03 06:56:10
339,20,548,2024-08-08 22:25:38
25,217,2961,2025-02-28 20:25:12
99,206,363,2024-07-24 07:51:59
178,151,4629,2024-10-09 00:54:28
250,43,1507,2024-06-28 13:52:40
243,296,1909,2025-03-14 19:19:13
41,20,4375,2025-05-18 12:35:58
80,199,1352,2024-09-10 19:45:01
332,247,3833,2024-09-18 20:49:05
161,215,4898,2024-12-18 06:55:27
311,1,3558,2025-02-14 05:55:21
356,12,2464,2024-12-20 18:12:51
60,259,3553,2025-01-24 20:15:43
316,199,88,2024-06-17 07:26:33
313,185,3148,2024-06-20 06:36:55
207,52,696,2024-07-21 02:08:39
420,285,1531,2025-04-25 19:09:03
282,296,1063,2024-07-07 20:03:02
443,45,143,2025-04-17 22:57:29
247,161,4118,2025-05-20 14:34:15
221,156,1798,2024-05-22 23:09:39
185,288,1946,2024-08-22 16:55:14
12,300,4040,2024-06-16 07:08:20
165,115,1624,2025-03-20 01:49:20
354,194,1624,2025-03-16 20:13:25
58,135,4738,2025-03-26 04:43:53
443,69,4110,2025-03-12 05:23:11
323,209,4743,2024-09-03 13:11:54
49,265,3312,2024-07-30 04:15:55
62,244,2620,2024-07-04 16:49:54
332,203,4469,2025-03-14 17:31:37
222,112,2051,2024-11-12 22:28:56
462,163,2252,2024-09-29 18:08:45
409,196,2292,2024-07-07 20:02:01
342,87,1414,2024-12-02 00:47:37
15,214,4652,2025-03-15 03:46:30
457,294,1255,2025-04-11 00:41:12
174,176,4332,2025-03-20 09:57:21
397,124,447,2024-12-15 06:53:50
6,102,2865,2024-11-18 09:01:27
274,31,4521,2024-12-06 00:57:02
398,236,3017,2024-07-08 02:10:15
208,126,2081,2024-11-24 13:38:20
382,149,794,2025-02-05 02:20:09
369,21,4153,2025-01-15 06:26:45
266,179,1905,2024-09-06 18:05:20
149,286,4476,2025-03-22 17:30:08
123,44,4981,2024-06-23 00:15:16
427,96,3610,2024-10-07 00:42:53
372,84,3710,2025-03-24 02:09:10
433,227,4146,2024-06-26 09:55:20
402,108,2364,2024-10-05 20:34:36
25,255,4776,2024-07-29 04:17:35
428,97,1128,2024-10-19 07:26:58
482,257,648,2025-03-30 22:12:51
481,286,729,2024-08-03 04:32:42
198,243,705,2024-12-19 10:44:44
461,252,3703,2024-08-26 20:52:49
341,49,977,2025-02-27 08:34:04
4,116,2331,2024-05-28 18:01:57
23,90,437,2025-05-10 10:31:43
494,252,1793,2025-05-11 14:07:02
224,34,4081,2025-01-17 14:08:45
160,164,3728,2025-03-30 01:27:40
388,134,865,2025-03-25 18:19:23
243,34,4113,2025-03-15 08:17:15
140,271,48,2024-06-24 05:40:17
10,32,232,2024-06-15 07:22:40
385,8,740,2024-07-23 16:48:43
117,123,484,2024-07-17 07:12:53
427,87,963,2024-10-01 12:45:14
142,281,4824,2024-07-22 22:36:54
10,131,66,2024-12-10 10:20:25
41,48,2026,2025-04-03 06:31:18
428,293,1325,2025-02-13 11:01:23
56,182,4576,2024-12-15 08:55:22
443,40,4754,2024-08-05 01:56:21
77,239,4031,2024-11-23 13:51:25
481,76,2184,2025-05-15 19:05:52
148,128,3673,2025-03-11 18:49:16
364,216,2368,2025-01-21 22:48:04
166,194,619,2024-10-05 03:15:46
266,159,3493,2024-06-02 05:47:39
288,294,809,2024-09-30 18:51:15
192,280,1607,2025-04-18 03:23:39
106,204,2690,2024-10-19 20:28:32
318,227,2536,2025-03-25 12:18:57
250,23,4838,2025-03-11 13:37:11
54,150,4222,2024-11-05 14:24:51
237,61,4942,2024-06-30 21:28:34
95,8,4186,2025-03-31 04:29:18
404,115,1826,2024-12-06 16:14:16
483,268,1076,2025-03-18 23:41:57
432,193,2848,2025-04-01 22:45:07
217,63,4642,2024-10-24 23:19:59
241,274,4757,2024-08-12 03:28:41
194,279,578,2024-07-25 17:34:02
70,194,3303,2024-08-03 12:24:26
211,298,969,2025-01-17 20:58:44
198,294,4642,2025-01-24 05:58:12
447,81,3749,2024-11-25 09:58:11
446,232,220,2025-03-18 01:20:27
346,258,3477,2025-01-04 09:21:34
357,193,2909,2025-03-08 01:31:44
234,152,4416,2025-02-16 11:57:23
376,218,3041,2024-06-16 15:41:53
431,231,3624,2025-03-06 20:47:33
340,164,4919,2024-08-17 17:36:50
466,238,4018,2025-04-10 18:20:51
223,247,1753,2025-01-31 20:03:47
355,260,129,2025-05-19 07:45:04
21,237,2606,2025-05-11 04:49:25
18,211,4297,2025-03-20 21:24:06
69,99,2034,2024-11-29 16:03:01
400,244,1926,2024-12-24 04:01:21
429,115,4637,2025-03-17 00:52:48
123,143,3831,2024-11-15 11:38:26
396,145,765,2024-10-19 01:48:35
475,90,3556,2024-09-23 19:23:30
256,288,4097,2025-01-26 04:55:44
208,173,3677,2024-10-11 22:15:53
27,229,2015,2024-08-07 00:00:29
331,279,3016,2025-05-06 04:28:23
134,207,25,2024-06-06 23:16:42
381,185,1274,2024-06-04 19:13:15
42,236,1722,2024-11-13 13:33:41
70,35,2037,2024-08-02 17:10:38
112,2,2722,2024-05-23 02:49:43
264,225,4592,2024-12-29 09:40:46
299,86,4161,2024-10-06 16:54:28
269,8,1347,2024-05-28 07:43:19
366,81,4821,2025-02-03 18:28:35
337,178,2734,2025-05-19 08:54:19
398,256,3264,2024-10-13 08:26:23
317,112,452,2025-01-28 14:37:07
263,268,4404,2024-09-30 05:17:28
111,256,262,2024-10-30 01:11:39
225,299,561,2025-03-08 20:09:16
427,6,3420,2025-04-11 22:23:01
66,97,681,2024-05-24 13:27:54
178,145,1842,2024-09-21 01:44:19
396,157,2406,2025-04-21 10:37:33
320,41,4612,2024-11-17 16:05:54
424,252,2542,2024-06-23 18:29:48
458,233,26,2024-07-12 17:51:08
327,280,2337,2025-04-14 01:40:40
278,204,3998,2024-06-27 22:42:48
64,58,3604,2025-01-07 14:39:55
387,82,2402,2024-12-09 19:41:00
313,271,2591,2024-12-25 16:52:53
425,300,3090,2025-03-15 04:56:37
123,132,1656,2024-07-05 21:56:29
217,192,386,2025-01-06 22:13:59
497,129,855,2024-07-13 09:36:38
214,73,3210,2024-11-21 12:49:31
494,234,1463,2024-11-29 15:46:22
137,6,4141,2024-12-22 15:55:35
311,195,1344,2024-12-21 21:28:01
287,253,466,2025-02-27 14:03:08
43,127,1169,2025-03-13 10:37:01
434,52,3049,2024-09-30 23:43:29
448,204,3473,2024-07-07 04:19:08
230,32,517,2025-01-19 09:03:49
347,40,4185,2025-04-01 13:36:59
239,61,3808,2024-06-03 06:52:34
57,4,2194,2025-03-22 23:33:12
403,171,4999,2025-04-11 01:01:00
294,82,370,2025-01-24 11:28:44
244,41,4225,2024-09-21 19:25:03
444,282,184,2024-08-25 05:22:34
77,89,646,2024-09-19 20:43:57
125,54,4549,2024-12-16 06:06:08
299,204,266,2025-04-05 23:16:08
161,18,1564,2024-11-02 23:23:51
471,160,3153,2024-09-12 15:18:15
56,47,3881,2024-06-05 19:04:31
122,152,737,2025-04-20 03:24:08
481,248,2104,2024-07-02 01:29:01
467,46,2285,2024-06-11 23:57:57
209,177,2984,2025-05-21 08:42:25
154,168,704,2024-09-15 06:15:15
413,94,2027,2025-02-03 20:44:43
441,106,2788,2024-07-13 20:19:18
187,39,3400,2025-02-15 22:27:39
407,155,714,2024-08-29 23:29:48
179,211,3328,2025-04-03 10:57:10
100,13,1609,2024-10-16 02:05:33
196,103,1907,2024-07-20 02:32:44
263,211,2521,2024-09-07 16:09:21
261,205,2727,2024-09-30 16:37:16
10,28,3658,2025-04-16 16:15:45
480,151,2146,2024-10-28 16:32:09
107,167,1470,2024-06-19 13:34:20
461,163,12,2024-12-13 21:04:02
33,291,718,2024-10-09 22:51:50
212,188,1893,2024-06-19 20:13:52
204,133,3777,2024-12-01 04:30:41
11,202,3565,2024-09-18 10:29:50
315,219,3932,2025-03-04 12:39:19
249,260,812,2024-09-15 02:39:57
421,107,2169,2024-10-26 16:27:04
34,159,2804,2024-05-30 12:01:10
77,141,2257,2024-05-31 19:51:16
281,222,2251,2024-09-09 09:58:44
395,299,532,2024-09-25 23:01:37
351,162,1771,2024-08-01 10:22:41
178,13,4676,2025-02-22 02:35:58
9,136,1609,2024-06-26 19:40:23
494,180,622,2025-04-24 08:30:45
427,267,2272,2024-07-14 01:01:51
21,194,1710,2025-05-18 09:30:47
307,79,4924,2024-12-11 13:04:07
365,132,3310,2025-01-10 19:38:05
187,51,1675,2025-01-09 12:18:46
75,234,703,2025-04-17 09:20:47
26,18,2452,2024-06-29 13:21:00
317,299,850,2024-10-09 11:11:03
444,89,3517,2024-07-04 16:51:49
393,144,1930,2024-06-27 15:04:10
495,265,2174,2024-09-01 06:39:38
388,242,212,2025-03-15 22:24:25
376,288,803,2024-09-28 07:14:34
295,82,141,2024-09-22 07:01:12
186,25,4962,2025-05-01 16:42:21
49,197,1731,2024-07-08 17:21:31
123,291,1241,2024-07-31 14:16:18
338,125,3204,2024-12-31 12:40:58
66,163,4773,2024-08-12 03:01:00
113,69,4526,2025-01-02 18:53:59
220,185,4011,2025-03-28 12:08:37
383,62,911,2024-06-21 06:58:16
356,87,2401,2024-08-19 14:03:24
294,56,1147,2024-06-09 17:35:11
262,109,22,2024-09-06 01:26:43
453,14,3503,2024-09-19 15:25:23
89,123,4359,2025-04-13 11:10:56
58,263,1736,2025-03-13 01:45:58
467,88,2198,2024-12-21 08:27:12
187,60,3396,2025-03-10 19:45:51
253,293,732,2024-12-17 21:28:49
253,231,3277,2025-05-11 05:40:00
63,294,3578,2025-04-20 08:57:15
5,252,700,2024-06-21 14:39:14
49,242,1153,2025-04-01 20:35:11
314,77,1943,2025-02-22 12:02:47
117,168,4629,2024-12-20 20:35:55
63,128,1717,2025-05-19 20:55:20
186,106,675,2024-12-31 21:32:32
464,192,2026,2025-04-24 15:55:39
181,222,1373,2025-02-13 19:54:01
365,279,3772,2024-12-19 17:49:51
369,71,2549,2024-09-14 02:18:14
182,12,2234,2025-05-08 15:38:56
368,15,4707,2024-12-22 04:34:15
130,54,2183,2025-02-01 04:12:34
407,229,4067,2024-09-14 05:28:12
47,220,4511,2024-06-29 16:16:06
85,273,4997,2025-05-04 09:10:52
276,89,636,2024-10-25 10:25:42
275,66,2378,2025-03-09 20:06:06
147,198,4485,2025-05-18 03:42:24
83,50,3279,2024-06-06 11:50:24
100,193,1067,2024-09-19 19:11:08
307,250,33,2025-05-13 12:20:00